Date,Year,Week,Flu_Index,Temperature,Total_Travellers,CO,SO2,PM10,PM2.5
2013-12-29,2014,1,45.0,9.285714285714286,16739.0,85.75,11.933333333333334,65.2,44.46666666666667
2014-01-05,2014,2,43.8,12.299999999999999,16739.0,85.75,11.933333333333334,65.2,44.46666666666667
2014-01-12,2014,3,52.9,14.428571428571429,16739.0,85.75,11.933333333333334,65.2,44.46666666666667
2014-01-19,2014,4,50.6,11.057142857142859,16739.0,85.75,11.933333333333334,65.2,44.46666666666667
2014-01-26,2014,5,48.3,12.0,16739.0,85.75,11.933333333333334,65.2,44.46666666666667
2014-02-02,2014,6,59.5,15.971428571428572,16739.0,85.75,11.933333333333334,65.2,44.46666666666667
2014-02-09,2014,7,35.5,16.4,16739.0,85.75,11.933333333333334,65.2,44.46666666666667
2014-02-16,2014,8,47.2,8.657142857142857,16739.0,85.75,11.933333333333334,65.2,44.46666666666667
2014-02-23,2014,9,47.9,12.571428571428571,16739.0,85.75,11.933333333333334,65.2,44.46666666666667
2014-03-02,2014,10,37.5,17.642857142857142,16739.0,85.75,11.933333333333334,65.2,44.46666666666667
2014-03-09,2014,11,55.3,14.5,16739.0,85.75,11.933333333333334,65.2,44.46666666666667
2014-03-16,2014,12,51.4,14.757142857142858,16739.0,85.75,11.933333333333334,65.2,44.46666666666667
2014-03-23,2014,13,47.8,17.47142857142857,16739.0,85.75,11.933333333333334,65.2,44.46666666666667
2014-03-30,2014,14,45.2,20.114285714285717,16739.0,85.75,11.933333333333334,65.2,44.46666666666667
2014-04-06,2014,15,43.7,18.900000000000002,16739.0,85.75,11.933333333333334,65.2,44.46666666666667
2014-04-13,2014,16,43.8,20.571428571428573,16739.0,85.75,11.933333333333334,65.2,44.46666666666667
2014-04-20,2014,17,50.8,21.685714285714287,16739.0,85.75,11.933333333333334,65.2,44.46666666666667
2014-04-27,2014,18,38.8,22.12857142857143,16739.0,85.75,11.933333333333334,65.2,44.46666666666667
2014-05-04,2014,19,41.8,21.557142857142857,16739.0,85.75,11.933333333333334,65.2,44.46666666666667
2014-05-11,2014,20,33.3,21.285714285714285,16739.0,85.75,11.933333333333334,65.2,44.46666666666667
2014-05-18,2014,21,42.3,26.2,16739.0,85.75,11.933333333333334,65.2,44.46666666666667
2014-05-25,2014,22,49.9,26.0,16739.0,85.75,11.933333333333334,65.2,44.46666666666667
2014-06-01,2014,23,56.5,26.557142857142857,16739.0,85.75,11.933333333333334,65.2,44.46666666666667
2014-06-08,2014,24,46.4,26.228571428571428,16739.0,85.75,11.933333333333334,65.2,44.46666666666667
2014-06-15,2014,25,48.7,24.599999999999998,16739.0,85.75,11.933333333333334,65.2,44.46666666666667
2014-06-22,2014,26,41.7,26.928571428571427,16739.0,85.75,11.933333333333334,65.2,44.46666666666667
2014-06-29,2014,27,32.3,26.88571428571429,16739.0,85.75,11.933333333333334,65.2,44.46666666666667
2014-07-06,2014,28,40.3,27.32857142857143,16739.0,85.75,11.933333333333334,65.2,44.46666666666667
2014-07-13,2014,29,40.5,27.185714285714287,16739.0,85.75,11.933333333333334,65.2,44.46666666666667
2014-07-20,2014,30,31.3,26.771428571428572,16739.0,85.75,11.933333333333334,65.2,44.46666666666667
2014-07-27,2014,31,22.9,26.8,16739.0,85.75,11.933333333333334,65.2,44.46666666666667
2014-08-03,2014,32,16.4,26.8,16739.0,85.75,11.933333333333334,65.2,44.46666666666667
2014-08-10,2014,33,10.0,26.885714285714283,16739.0,85.75,11.933333333333334,65.2,44.46666666666667
2014-08-17,2014,34,30.5,26.342857142857145,16739.0,85.75,11.933333333333334,65.2,44.46666666666667
2014-08-24,2014,35,30.1,25.52857142857143,16739.0,85.75,11.933333333333334,65.2,44.46666666666667
2014-08-31,2014,36,33.3,26.599999999999998,16739.0,85.75,11.933333333333334,65.2,44.46666666666667
2014-09-07,2014,37,45.2,26.428571428571427,16739.0,85.75,11.933333333333334,65.2,44.46666666666667
2014-09-14,2014,38,44.5,26.642857142857142,16739.0,85.75,11.933333333333334,65.2,44.46666666666667
2014-09-21,2014,39,24.7,25.485714285714288,16739.0,85.75,11.933333333333334,65.2,44.46666666666667
2014-09-28,2014,40,29.4,24.7,16739.0,85.75,11.933333333333334,65.2,44.46666666666667
2014-10-05,2014,41,27.5,25.342857142857145,16739.0,85.75,11.933333333333334,65.2,44.46666666666667
2014-10-12,2014,42,36.1,21.557142857142857,16739.0,85.75,11.933333333333334,65.2,44.46666666666667
2014-10-19,2014,43,38.4,20.985714285714288,16739.0,85.75,11.933333333333334,65.2,44.46666666666667
2014-10-26,2014,44,42.4,22.8,16739.0,85.75,11.933333333333334,65.2,44.46666666666667
2014-11-02,2014,45,41.3,22.400000000000002,16739.0,85.75,11.933333333333334,65.2,44.46666666666667
2014-11-09,2014,46,30.8,20.314285714285713,16739.0,85.75,11.933333333333334,65.2,44.46666666666667
2014-11-16,2014,47,45.7,19.457142857142856,16739.0,85.75,11.933333333333334,65.2,44.46666666666667
2014-11-23,2014,48,49.5,18.485714285714288,16739.0,85.75,11.933333333333334,65.2,44.46666666666667
2014-11-30,2014,49,38.9,21.37142857142857,16739.0,85.75,11.933333333333334,65.2,44.46666666666667
2014-12-07,2014,50,36.5,14.657142857142857,16739.0,85.75,11.933333333333334,65.2,44.46666666666667
2014-12-14,2014,51,50.8,13.842857142857143,16739.0,85.75,11.933333333333334,65.2,44.46666666666667
2014-12-21,2014,52,32.6,10.971428571428572,16739.0,85.75,11.933333333333334,65.2,44.46666666666667
2014-12-28,2015,1,39.5,13.485714285714286,16739.0,85.75,11.933333333333334,65.2,44.46666666666667
2015-01-04,2015,2,51.8,12.357142857142858,16739.0,85.75,11.933333333333334,65.2,44.46666666666667
2015-01-11,2015,3,57.9,14.685714285714285,16739.0,85.75,11.933333333333334,65.2,44.46666666666666
2015-01-18,2015,4,69.4,12.042857142857143,16739.0,85.75,11.933333333333334,65.2,44.46666666666666
2015-01-25,2015,5,61.1,13.342857142857143,16739.0,85.75,11.933333333333334,65.2,44.46666666666666
2015-02-01,2015,6,71.0,14.857142857142858,16739.0,85.30357142857143,11.752380952380951,65.7904761904762,44.952380952380956
2015-02-08,2015,7,68.6,12.714285714285714,16739.0,82.625,10.666666666666666,69.33333333333333,47.86666666666667
2015-02-15,2015,8,21.2,13.228571428571428,16739.0,82.625,10.666666666666666,69.33333333333333,47.86666666666667
2015-02-22,2015,9,44.3,17.3,16739.0,82.625,10.666666666666666,69.33333333333333,47.86666666666667
2015-03-01,2015,10,52.6,18.257142857142856,16739.0,81.83928571428571,10.247619047619049,65.80952380952381,45.31428571428571
2015-03-08,2015,11,38.6,16.5,16739.0,77.125,7.733333333333333,44.666666666666664,30.0
2015-03-15,2015,12,34.8,16.485714285714288,16739.0,77.125,7.733333333333333,44.666666666666664,30.0
2015-03-22,2015,13,40.1,21.314285714285713,16739.0,77.125,7.733333333333333,44.666666666666664,30.0
2015-03-29,2015,14,41.5,17.814285714285713,16739.0,77.125,7.733333333333333,44.666666666666664,30.0
2015-04-05,2015,15,41.6,23.042857142857144,16739.0,75.07142857142857,9.780952380952382,39.476190476190474,25.285714285714285
2015-04-12,2015,16,41.4,18.7,16739.0,74.25,10.6,37.4,23.4
2015-04-19,2015,17,46.9,19.37142857142857,16739.0,74.25,10.6,37.4,23.4
2015-04-26,2015,18,42.2,20.97142857142857,16739.0,74.25,10.6,37.4,23.4
2015-05-03,2015,19,43.3,24.014285714285712,16739.0,68.30357142857143,10.142857142857142,31.599999999999998,19.257142857142856
2015-05-10,2015,20,43.1,25.25714285714286,16739.0,60.375,9.533333333333333,23.866666666666667,13.733333333333333
2015-05-17,2015,21,58.3,24.7,16739.0,60.375,9.533333333333333,23.866666666666667,13.733333333333333
2015-05-24,2015,22,51.0,24.957142857142856,16739.0,60.375,9.533333333333333,23.866666666666667,13.733333333333333
2015-05-31,2015,23,45.8,26.928571428571427,16739.0,60.375,9.533333333333333,23.866666666666667,13.733333333333333
2015-06-07,2015,24,58.7,26.62857142857143,16739.0,51.0,9.866666666666665,18.2,10.0
2015-06-14,2015,25,53.0,26.885714285714283,16739.0,51.0,9.866666666666665,18.2,10.0
2015-06-21,2015,26,52.4,26.97142857142857,16739.0,51.0,9.866666666666665,18.2,10.0
2015-06-28,2015,27,46.8,26.942857142857143,16739.0,51.0,9.866666666666665,18.2,10.0
2015-07-05,2015,28,40.5,27.2,16739.0,58.410714285714285,8.533333333333333,25.295238095238094,14.952380952380953
2015-07-12,2015,29,48.8,25.214285714285715,16739.0,61.375,8.0,28.133333333333333,16.933333333333334
2015-07-19,2015,30,35.3,27.0,16739.0,61.375,8.0,28.133333333333333,16.933333333333334
2015-07-26,2015,31,31.4,26.042857142857144,16739.0,61.375,8.0,28.133333333333333,16.933333333333334
2015-08-02,2015,32,36.0,25.785714285714285,16739.0,62.875,8.647619047619047,29.676190476190474,18.60952380952381
2015-08-09,2015,33,29.9,26.2,16739.0,66.625,10.266666666666667,33.53333333333333,22.8
2015-08-16,2015,34,30.1,26.32857142857143,16739.0,66.625,10.266666666666667,33.53333333333333,22.8
2015-08-23,2015,35,44.2,26.785714285714285,16739.0,66.625,10.266666666666667,33.53333333333333,22.8
2015-08-30,2015,36,37.6,25.814285714285713,16739.0,66.625,10.266666666666667,33.53333333333333,22.8
2015-09-06,2015,37,40.7,26.085714285714285,16739.0,66.94642857142857,7.923809523809524,33.76190476190476,23.085714285714285
2015-09-13,2015,38,49.2,24.82857142857143,16739.0,67.0,7.533333333333333,33.8,23.133333333333333
2015-09-20,2015,39,38.7,25.2,16739.0,67.0,7.533333333333333,33.8,23.133333333333333
2015-09-27,2015,40,48.2,26.114285714285717,16739.0,67.0,7.533333333333333,33.8,23.133333333333333
2015-10-04,2015,41,39.6,24.885714285714283,16739.0,68.14285714285714,7.952380952380953,39.89523809523809,27.01904761904762
2015-10-11,2015,42,38.0,23.385714285714283,16739.0,69.0,8.266666666666667,44.46666666666666,29.933333333333334
2015-10-18,2015,43,42.4,21.428571428571427,16739.0,69.0,8.266666666666667,44.46666666666666,29.933333333333334
2015-10-25,2015,44,34.1,22.157142857142855,16739.0,69.0,8.266666666666667,44.46666666666666,29.933333333333334
2015-11-01,2015,45,38.7,23.142857142857142,16739.0,69.10714285714286,8.028571428571428,43.62857142857143,29.114285714285717
2015-11-08,2015,46,46.6,22.357142857142858,16739.0,69.75,6.6,38.6,24.2
2015-11-15,2015,47,41.3,22.599999999999998,16739.0,69.75,6.6,38.6,24.2
2015-11-22,2015,48,42.6,23.400000000000002,16739.0,69.75,6.6,38.6,24.2
2015-11-29,2015,49,47.4,18.04285714285714,16739.0,69.75,6.6,38.6,24.2
2015-12-06,2015,50,45.8,18.099999999999998,16739.0,77.43367346938774,7.616326530612246,41.57551020408163,27.39591836734694
2015-12-13,2015,51,45.4,17.085714285714285,16739.0,78.71428571428571,7.785714285714286,42.07142857142857,27.928571428571427
2015-12-20,2015,52,39.9,12.528571428571428,16739.0,78.71428571428571,7.785714285714286,42.07142857142857,27.928571428571427
2015-12-27,2016,1,46.2,17.75714285714286,16739.0,78.71428571428571,7.785714285714286,42.07142857142857,27.928571428571427
2016-01-03,2016,2,39.9,15.87142857142857,16739.0,84.53061224489795,7.5102040816326525,39.98979591836735,27.346938775510203
2016-01-10,2016,3,55.3,17.685714285714287,16739.0,92.28571428571429,7.142857142857143,37.214285714285715,26.571428571428573
2016-01-17,2016,4,69.0,15.457142857142857,16739.0,92.28571428571429,7.142857142857143,37.214285714285715,26.571428571428573
2016-01-24,2016,5,40.1,11.37142857142857,16739.0,92.28571428571429,7.142857142857143,37.214285714285715,26.571428571428573
2016-01-31,2016,6,53.4,12.228571428571428,16739.0,92.28571428571429,7.142857142857143,37.214285714285715,26.571428571428573
2016-02-07,2016,7,54.7,10.157142857142857,16739.0,92.28571428571429,8.285714285714286,44.357142857142854,28.785714285714285
2016-02-14,2016,8,47.6,16.057142857142857,16739.0,92.28571428571429,8.285714285714286,44.357142857142854,28.785714285714285
2016-02-21,2016,9,67.7,11.842857142857143,16739.0,92.28571428571429,8.285714285714286,44.357142857142854,28.785714285714285
2016-02-28,2016,10,82.3,13.571428571428571,16739.0,92.28571428571429,8.285714285714286,44.357142857142854,28.785714285714285
2016-03-06,2016,11,70.2,16.228571428571428,16739.0,85.29081632653062,8.326530612244898,43.13673469387755,29.083673469387755
2016-03-13,2016,12,69.7,15.542857142857143,16739.0,84.125,8.333333333333334,42.93333333333333,29.133333333333333
2016-03-20,2016,13,59.9,16.585714285714285,16739.0,84.125,8.333333333333334,42.93333333333333,29.133333333333333
2016-03-27,2016,14,68.2,14.700000000000001,16739.0,84.125,8.333333333333334,42.93333333333333,29.133333333333333
2016-04-03,2016,15,57.9,18.057142857142857,16739.0,82.92857142857143,8.404761904761905,38.97083333333334,26.263690476190476
2016-04-10,2016,16,58.5,22.62857142857143,16739.0,81.33333333333333,8.5,33.6875,22.4375
2016-04-17,2016,17,60.2,21.942857142857143,16739.0,81.33333333333333,8.5,33.6875,22.4375
2016-04-24,2016,18,54.8,21.900000000000002,16739.0,81.33333333333333,8.5,33.6875,22.4375
2016-05-01,2016,19,43.1,23.057142857142857,16739.0,80.34920634920636,8.321428571428571,32.99107142857143,21.901785714285715
2016-05-08,2016,20,43.4,25.342857142857145,16739.0,74.44444444444444,7.25,28.8125,18.6875
2016-05-15,2016,21,42.7,23.985714285714288,16739.0,74.44444444444444,7.25,28.8125,18.6875
2016-05-22,2016,22,40.7,23.0,16739.0,74.44444444444444,7.25,28.8125,18.6875
2016-05-29,2016,23,44.5,25.7,16739.0,74.44444444444444,7.25,28.8125,18.6875
2016-06-05,2016,24,32.6,26.8,16739.0,67.06349206349206,8.053571428571429,21.267857142857142,12.705357142857142
2016-06-12,2016,25,39.5,25.97142857142857,16739.0,64.11111111111111,8.375,18.25,10.3125
2016-06-19,2016,26,45.5,27.214285714285715,16739.0,64.11111111111111,8.375,18.25,10.3125
2016-06-26,2016,27,49.1,27.114285714285717,16739.0,64.11111111111111,8.375,18.25,10.3125
2016-07-03,2016,28,36.0,27.2,16739.0,62.87301587301588,8.883928571428571,20.205357142857142,11.973214285714286
2016-07-10,2016,29,45.5,26.985714285714288,16739.0,61.22222222222222,9.5625,22.8125,14.1875
2016-07-17,2016,30,54.1,27.02857142857143,16739.0,61.22222222222222,9.5625,22.8125,14.1875
2016-07-24,2016,31,49.2,26.685714285714287,16739.0,61.22222222222222,9.5625,22.8125,14.1875
2016-07-31,2016,32,25.6,26.599999999999998,16739.0,61.22222222222222,9.5625,22.8125,14.1875
2016-08-07,2016,33,43.7,26.428571428571427,16739.0,71.22222222222223,9.4375,28.0,18.466666666666665
2016-08-14,2016,34,35.4,26.32857142857143,16739.0,71.22222222222223,9.4375,28.0,18.466666666666665
2016-08-21,2016,35,43.4,26.24285714285714,16739.0,71.22222222222223,9.4375,28.0,18.466666666666665
2016-08-28,2016,36,50.5,26.385714285714283,16739.0,71.22222222222223,9.4375,28.0,18.466666666666665
2016-09-04,2016,37,46.4,25.485714285714288,16739.0,74.77777777777779,9.258928571428571,31.785714285714285,20.842857142857145
2016-09-11,2016,38,47.7,25.657142857142855,16739.0,77.44444444444444,9.125,34.625,22.625
2016-09-18,2016,39,53.3,25.071428571428573,16739.0,77.44444444444444,9.125,34.625,22.625
2016-09-25,2016,40,56.2,24.599999999999998,16739.0,77.44444444444444,9.125,34.625,22.625
2016-10-02,2016,41,52.2,24.52857142857143,16739.0,77.31746031746032,8.678571428571429,33.113095238095234,21.798809523809524
2016-10-09,2016,42,49.0,24.62857142857143,16739.0,77.0,7.5625,29.333333333333332,19.73333333333333
2016-10-16,2016,43,47.4,22.857142857142858,16739.0,77.0,7.5625,29.333333333333332,19.73333333333333
2016-10-23,2016,44,48.6,24.728571428571428,16739.0,77.0,7.5625,29.333333333333332,19.73333333333333
2016-10-30,2016,45,47.7,24.457142857142856,16739.0,77.0,7.5625,29.333333333333332,19.73333333333333
2016-11-06,2016,46,47.8,19.97142857142857,16739.0,80.52380952380953,7.026785714285714,34.94047619047619,23.176190476190477
2016-11-13,2016,47,54.8,20.24285714285714,16739.0,81.11111111111111,6.9375,35.875,23.75
2016-11-20,2016,48,46.4,22.785714285714285,16739.0,81.11111111111111,6.9375,35.875,23.75
2016-11-27,2016,49,47.1,18.285714285714285,16739.0,81.11111111111111,6.9375,35.875,23.75
2016-12-04,2016,50,50.8,16.885714285714286,16739.0,86.31746031746033,8.294642857142858,46.46071428571429,30.597619047619048
2016-12-11,2016,51,48.3,16.814285714285713,16739.0,90.22222222222224,9.3125,54.4,35.733333333333334
2016-12-18,2016,52,30.9,15.842857142857143,16739.0,90.22222222222224,9.3125,54.4,35.733333333333334
2016-12-25,2016,53,35.4,18.114285714285714,16739.0,90.22222222222224,9.3125,54.4,35.733333333333334
2017-01-01,2017,1,40.9,14.057142857142859,16739.0,90.14285714285714,9.044642857142858,53.11071428571428,35.04821428571429
2017-01-08,2017,2,33.5,18.62857142857143,16739.0,89.66666666666667,7.4375,45.375,30.9375
2017-01-15,2017,3,39.4,16.02857142857143,16739.0,89.66666666666667,7.4375,45.375,30.9375
2017-01-22,2017,4,39.9,15.214285714285714,16739.0,89.66666666666667,7.4375,45.375,30.9375
2017-01-29,2017,5,28.1,15.0,16739.0,89.66666666666667,7.4375,45.375,30.9375
2017-02-05,2017,6,48.9,16.242857142857144,16739.0,84.26984126984128,7.392857142857143,42.160714285714285,28.660714285714285
2017-02-12,2017,7,56.0,12.328571428571427,16739.0,82.11111111111111,7.375,40.875,27.75
2017-02-19,2017,8,51.9,15.014285714285716,16739.0,82.11111111111111,7.375,40.875,27.75
2017-02-26,2017,9,54.5,15.057142857142859,16739.0,82.11111111111111,7.375,40.875,27.75
2017-03-05,2017,10,59.1,14.828571428571427,16739.0,81.87301587301587,7.151785714285714,45.69642857142857,28.776785714285715
2017-03-12,2017,11,58.1,16.2,16739.0,81.77777777777776,7.0625,47.625,29.1875
2017-03-19,2017,12,55.7,17.585714285714285,16739.0,81.77777777777776,7.0625,47.625,29.1875
2017-03-26,2017,13,44.6,18.485714285714288,16739.0,81.77777777777776,7.0625,47.625,29.1875
2017-04-02,2017,14,56.9,17.45714285714286,16739.0,80.15873015873015,7.3125,44.32261904761905,27.491071428571427
2017-04-09,2017,15,39.2,21.25714285714286,16739.0,76.11111111111111,7.9375,36.06666666666667,23.25
2017-04-16,2017,16,31.6,21.657142857142855,16739.0,76.11111111111111,7.9375,36.06666666666667,23.25
2017-04-23,2017,17,49.9,22.457142857142856,16739.0,76.11111111111111,7.9375,36.06666666666667,23.25
2017-04-30,2017,18,54.2,20.62857142857143,16739.0,76.11111111111111,7.9375,36.06666666666667,23.25
2017-05-07,2017,19,50.7,23.928571428571427,16739.0,73.66666666666667,8.5,32.8125,22.0625
2017-05-14,2017,20,55.7,24.157142857142855,16739.0,73.66666666666667,8.5,32.8125,22.0625
2017-05-21,2017,21,50.8,22.942857142857143,16739.0,73.66666666666667,8.5,32.8125,22.0625
2017-05-28,2017,22,55.8,23.157142857142855,16739.0,73.66666666666667,8.5,32.8125,22.0625
2017-06-04,2017,23,44.3,25.97142857142857,16739.0,63.1904761904762,7.178571428571429,24.383928571428573,15.133928571428571
2017-06-11,2017,24,51.5,27.02857142857143,16739.0,55.333333333333336,6.1875,18.0625,9.9375
2017-06-18,2017,25,57.3,25.914285714285715,16739.0,55.333333333333336,6.1875,18.0625,9.9375
2017-06-25,2017,26,67.3,26.12857142857143,16739.0,55.333333333333336,6.1875,18.0625,9.9375
2017-07-02,2017,27,59.8,26.542857142857144,16739.0,54.53968253968254,6.151785714285714,18.0625,10.383928571428571
2017-07-09,2017,28,65.5,26.12857142857143,16739.0,52.55555555555556,6.0625,18.0625,11.5
2017-07-16,2017,29,76.4,26.585714285714285,16739.0,52.55555555555556,6.0625,18.0625,11.5
2017-07-23,2017,30,72.4,26.014285714285712,16739.0,52.55555555555556,6.0625,18.0625,11.5
2017-07-30,2017,31,63.9,26.728571428571428,16739.0,52.55555555555556,6.0625,18.0625,11.5
2017-08-06,2017,32,57.0,27.02857142857143,16739.0,53.98412698412699,8.151785714285714,21.4375,13.107142857142858
2017-08-13,2017,33,53.6,26.985714285714288,16739.0,54.22222222222222,8.5,22.0,13.375
2017-08-20,2017,34,52.3,26.342857142857145,16739.0,54.22222222222222,8.5,22.0,13.375
2017-08-27,2017,35,38.1,26.385714285714283,16739.0,54.22222222222222,8.5,22.0,13.375
2017-09-03,2017,36,42.8,25.514285714285712,16739.0,54.93650793650794,8.580357142857142,26.017857142857142,16.642857142857142
2017-09-10,2017,37,48.7,26.17142857142857,16739.0,55.88888888888888,8.6875,31.375,21.0
2017-09-17,2017,38,47.3,25.885714285714283,16739.0,55.88888888888888,8.6875,31.375,21.0
2017-09-24,2017,39,42.4,26.414285714285715,16739.0,55.88888888888888,8.6875,31.375,21.0
2017-10-01,2017,40,39.4,26.657142857142855,16739.0,56.460317460317455,8.366071428571429,32.36607142857143,21.276785714285715
2017-10-08,2017,41,34.0,25.985714285714288,16739.0,59.88888888888888,6.4375,38.3125,22.9375
2017-10-15,2017,42,43.7,23.885714285714283,16739.0,59.88888888888888,6.4375,38.3125,22.9375
2017-10-22,2017,43,40.1,21.642857142857142,16739.0,59.88888888888888,6.4375,38.3125,22.9375
2017-10-29,2017,44,37.8,19.5,16739.0,59.88888888888888,6.4375,38.3125,22.9375
2017-11-05,2017,45,43.8,18.485714285714288,16739.0,65.04761904761905,6.660714285714286,40.901785714285715,25.080357142857142
2017-11-12,2017,46,39.5,21.071428571428573,16739.0,67.11111111111111,6.75,41.9375,25.9375
2017-11-19,2017,47,43.2,21.014285714285712,16739.0,67.11111111111111,6.75,41.9375,25.9375
2017-11-26,2017,48,35.4,15.785714285714286,16739.0,67.11111111111111,6.75,41.9375,25.9375
2017-12-03,2017,49,41.4,19.042857142857144,16739.0,73.4920634920635,7.6875,48.017857142857146,29.660714285714285
2017-12-10,2017,50,42.4,14.5,16739.0,82.0,8.9375,56.125,34.625
2017-12-17,2017,51,38.5,14.614285714285714,16739.0,82.0,8.9375,56.125,34.625
2017-12-24,2017,52,32.2,11.714285714285714,16739.0,82.0,8.9375,56.125,34.625
2017-12-31,2018,1,39.8,15.142857142857142,16739.0,82.0,8.9375,56.125,34.625
2018-01-07,2018,2,57.8,16.257142857142856,16739.0,80.0,6.9375,42.5625,27.6875
2018-01-14,2018,3,70.0,9.700000000000001,16739.0,80.0,6.9375,42.5625,27.6875
2018-01-21,2018,4,76.8,15.87142857142857,16739.0,80.0,6.9375,42.5625,27.6875
2018-01-28,2018,5,75.4,15.599999999999998,16739.0,80.0,6.9375,42.5625,27.6875
2018-02-04,2018,6,71.3,7.714285714285714,16739.0,84.44444444444444,7.1875,44.38392857142857,29.044642857142858
2018-02-11,2018,7,36.4,10.414285714285715,16739.0,87.77777777777776,7.375,45.75,30.0625
2018-02-18,2018,8,57.4,14.671428571428569,16739.0,87.77777777777776,7.375,45.75,30.0625
2018-02-25,2018,9,47.9,16.62857142857143,16739.0,87.77777777777776,7.375,45.75,30.0625
2018-03-04,2018,10,40.2,18.942857142857143,16739.0,79.33333333333333,7.053571428571429,41.892857142857146,26.526785714285715
2018-03-11,2018,11,45.3,15.700000000000001,16739.0,73.0,6.8125,39.0,23.875
2018-03-18,2018,12,44.5,18.585714285714285,16739.0,73.0,6.8125,39.0,23.875
2018-03-25,2018,13,35.9,17.142857142857142,16739.0,73.0,6.8125,39.0,23.875
2018-04-01,2018,14,21.8,19.82857142857143,16739.0,71.36507936507937,6.776785714285714,39.55357142857143,23.866071428571427
2018-04-08,2018,15,25.1,18.728571428571428,16739.0,61.55555555555556,6.5625,42.875,23.8125
2018-04-15,2018,16,41.4,21.885714285714283,16739.0,61.55555555555556,6.5625,42.875,23.8125
2018-04-22,2018,17,47.1,20.314285714285713,16739.0,61.55555555555556,6.5625,42.875,23.8125
2018-04-29,2018,18,46.9,22.557142857142857,16739.0,61.55555555555556,6.5625,42.875,23.8125
2018-05-06,2018,19,42.9,23.928571428571427,16739.0,52.79365079365079,6.991071428571429,25.678571428571427,15.241071428571429
2018-05-13,2018,20,41.6,23.7,16739.0,51.333333333333336,7.0625,22.8125,13.8125
2018-05-20,2018,21,38.9,25.67142857142857,16739.0,51.333333333333336,7.0625,22.8125,13.8125
2018-05-27,2018,22,38.3,26.157142857142855,16739.0,51.333333333333336,7.0625,22.8125,13.8125
2018-06-03,2018,23,39.2,26.2,16739.0,55.23809523809524,6.660714285714286,22.625,13.651785714285714
2018-06-10,2018,24,31.8,26.02857142857143,16739.0,60.44444444444444,6.125,22.375,13.4375
2018-06-17,2018,25,41.2,24.771428571428572,16739.0,60.44444444444444,6.125,22.375,13.4375
2018-06-24,2018,26,37.1,26.442857142857143,16739.0,60.44444444444444,6.125,22.375,13.4375
2018-07-01,2018,27,41.8,26.5,16739.0,59.6031746031746,6.071428571428571,21.991071428571427,12.982142857142858
2018-07-08,2018,28,41.0,27.0,16739.0,54.55555555555556,5.75,19.6875,10.25
2018-07-15,2018,29,31.0,25.985714285714288,16739.0,54.55555555555556,5.75,19.6875,10.25
2018-07-22,2018,30,25.5,26.142857142857142,16739.0,54.55555555555556,5.75,19.6875,10.25
2018-07-29,2018,31,17.3,26.75714285714286,16739.0,54.55555555555556,5.75,19.6875,10.25
2018-08-05,2018,32,19.1,26.82857142857143,16739.0,64.95238095238095,6.285714285714286,23.705357142857142,15.071428571428571
2018-08-12,2018,33,36.4,26.5,16739.0,69.11111111111111,6.5,25.3125,17.0
2018-08-19,2018,34,44.2,26.342857142857145,16739.0,69.11111111111111,6.5,25.3125,17.0
2018-08-26,2018,35,37.2,26.2,16739.0,69.11111111111111,6.5,25.3125,17.0
2018-09-02,2018,36,48.2,25.685714285714287,16739.0,67.82936507936508,6.852380952380953,27.032738095238095,17.83809523809524
2018-09-09,2018,37,31.7,25.885714285714283,16739.0,64.625,7.733333333333333,31.333333333333332,19.933333333333334
2018-09-16,2018,38,18.5,24.714285714285715,16739.0,64.625,7.733333333333333,31.333333333333332,19.933333333333334
2018-09-23,2018,39,18.6,25.75714285714286,16739.0,64.625,7.733333333333333,31.333333333333332,19.933333333333334
2018-09-30,2018,40,32.3,23.67142857142857,16739.0,64.625,7.733333333333333,31.333333333333332,19.933333333333334
2018-10-07,2018,41,27.0,21.271428571428572,16739.0,66.77777777777777,6.8125,43.0625,25.25
2018-10-14,2018,42,30.5,21.985714285714288,16739.0,66.77777777777777,6.8125,43.0625,25.25
2018-10-21,2018,43,32.1,22.057142857142857,16739.0,66.77777777777777,6.8125,43.0625,25.25
2018-10-28,2018,44,39.6,21.842857142857145,16739.0,66.77777777777777,6.8125,43.0625,25.25
2018-11-04,2018,45,31.2,18.071428571428573,16739.0,69.76190476190476,6.3125,39.526785714285715,23.75
2018-11-11,2018,46,24.5,21.685714285714287,16739.0,72.0,5.9375,36.875,22.625
2018-11-18,2018,47,29.7,21.571428571428573,16739.0,72.0,5.9375,36.875,22.625
2018-11-25,2018,48,29.5,18.97142857142857,16739.0,72.0,5.9375,36.875,22.625
2018-12-02,2018,49,44.0,18.914285714285715,16739.0,74.82539682539684,6.116071428571429,37.32142857142857,22.678571428571427
2018-12-09,2018,50,37.2,19.428571428571427,16739.0,81.88888888888889,6.5625,38.4375,22.8125
2018-12-16,2018,51,43.5,14.328571428571427,16739.0,81.88888888888889,6.5625,38.4375,22.8125
2018-12-23,2018,52,40.1,17.7,16739.0,81.88888888888889,6.5625,38.4375,22.8125
2018-12-30,2019,1,42.8,15.328571428571427,16739.0,81.88888888888889,6.5625,38.4375,22.8125
2019-01-06,2019,2,47.9,14.271428571428572,16739.0,95.03174603174604,5.973214285714286,48.88392857142857,30.955357142857142
2019-01-13,2019,3,54.6,17.585714285714285,16739.0,97.22222222222224,5.875,50.625,32.3125
2019-01-20,2019,4,61.5,15.871428571428572,16739.0,97.22222222222224,5.875,50.625,32.3125
2019-01-27,2019,5,43.3,13.728571428571428,16739.0,97.22222222222224,5.875,50.625,32.3125
2019-02-03,2019,6,26.8,16.742857142857144,16739.0,88.46031746031746,5.258928571428571,42.13392857142857,26.526785714285715
2019-02-10,2019,7,29.0,19.314285714285713,16739.0,76.77777777777776,4.4375,30.8125,18.8125
2019-02-17,2019,8,38.2,18.228571428571428,16739.0,76.77777777777776,4.4375,30.8125,18.8125
2019-02-24,2019,9,47.6,18.457142857142856,16739.0,76.77777777777776,4.4375,30.8125,18.8125
2019-03-03,2019,10,42.8,19.071428571428573,16739.0,74.63492063492062,4.357142857142857,30.758928571428573,18.973214285714285
2019-03-10,2019,11,39.5,18.02857142857143,16739.0,71.77777777777777,4.25,30.6875,19.1875
2019-03-17,2019,12,40.4,17.342857142857145,16739.0,71.77777777777777,4.25,30.6875,19.1875
2019-03-24,2019,13,36.5,20.728571428571428,16739.0,71.77777777777777,4.25,30.6875,19.1875
2019-03-31,2019,14,33.5,20.771428571428572,16739.0,71.77777777777777,4.25,30.6875,19.1875
2019-04-07,2019,15,30.1,20.400000000000002,16739.0,53.55555555555556,4.6875,26.6875,17.8125
2019-04-14,2019,16,36.6,22.914285714285715,16739.0,53.55555555555556,4.6875,26.6875,17.8125
2019-04-21,2019,17,29.6,22.142857142857142,16739.0,53.55555555555556,4.6875,26.6875,17.8125
2019-04-28,2019,18,28.0,24.74285714285714,16739.0,53.55555555555556,4.6875,26.6875,17.8125
2019-05-05,2019,19,19.0,21.771428571428572,16739.0,57.285714285714285,4.821428571428571,26.553571428571427,16.428571428571427
2019-05-12,2019,20,27.9,21.157142857142855,16739.0,58.77777777777778,4.875,26.5,15.875
2019-05-19,2019,21,38.9,26.257142857142856,16739.0,58.77777777777778,4.875,26.5,15.875
2019-05-26,2019,22,34.6,24.571428571428573,16739.0,58.77777777777778,4.875,26.5,15.875
2019-06-02,2019,23,24.4,24.7,16739.0,57.82539682539682,4.875,23.821428571428573,14.232142857142858
2019-06-09,2019,24,36.8,26.67142857142857,16739.0,55.44444444444444,4.875,17.125,10.125
2019-06-16,2019,25,33.2,25.842857142857145,16739.0,55.44444444444444,4.875,17.125,10.125
2019-06-23,2019,26,32.4,27.12857142857143,16739.0,55.44444444444444,4.875,17.125,10.125
2019-06-30,2019,27,43.7,27.228571428571428,16739.0,55.44444444444444,4.875,17.125,10.125
2019-07-07,2019,28,46.3,26.8,16739.0,53.333333333333336,5.0,23.6875,13.4375
2019-07-14,2019,29,41.7,27.042857142857144,16739.0,53.333333333333336,5.0,23.6875,13.4375
2019-07-21,2019,30,46.1,27.2,16739.0,53.333333333333336,5.0,23.6875,13.4375
2019-07-28,2019,31,41.0,27.0,16739.0,53.333333333333336,5.0,23.6875,13.4375
2019-08-04,2019,32,34.4,25.800000000000004,16739.0,56.126984126984134,4.892857142857143,24.151785714285715,14.616071428571429
2019-08-11,2019,33,29.3,27.014285714285712,16739.0,58.22222222222222,4.8125,24.5,15.5
2019-08-18,2019,34,34.6,27.057142857142857,16739.0,58.22222222222222,4.8125,24.5,15.5
2019-08-25,2019,35,37.6,26.400000000000002,16739.0,58.22222222222222,4.8125,24.5,15.5
2019-09-01,2019,36,23.0,26.099999999999998,16739.0,58.6031746031746,4.883928571428571,25.866071428571427,16.294642857142858
2019-09-08,2019,37,36.8,26.12857142857143,16739.0,60.88888888888888,5.3125,34.0625,21.0625
2019-09-15,2019,38,37.3,26.514285714285712,16739.0,60.88888888888888,5.3125,34.0625,21.0625
2019-09-22,2019,39,35.0,23.357142857142858,16739.0,60.88888888888888,5.3125,34.0625,21.0625
2019-09-29,2019,40,34.1,23.599999999999998,16739.0,60.88888888888888,5.3125,34.0625,21.0625
2019-10-06,2019,41,34.1,24.52857142857143,16739.0,69.93650793650794,5.3125,40.919642857142854,25.883928571428573
2019-10-13,2019,42,29.4,24.900000000000002,16739.0,71.44444444444444,5.3125,42.0625,26.6875
2019-10-20,2019,43,27.2,22.457142857142856,16739.0,71.44444444444444,5.3125,42.0625,26.6875
2019-10-27,2019,44,32.3,22.114285714285717,16739.0,71.44444444444444,5.3125,42.0625,26.6875
2019-11-03,2019,45,32.0,21.0,16739.0,70.73015873015872,5.660714285714286,44.92857142857143,26.553571428571427
2019-11-10,2019,46,21.7,18.557142857142857,16739.0,69.77777777777777,6.125,48.75,26.375
2019-11-17,2019,47,22.5,19.942857142857143,16739.0,69.77777777777777,6.125,48.75,26.375
2019-11-24,2019,48,27.2,18.728571428571428,16739.0,69.77777777777777,6.125,48.75,26.375
2019-12-01,2019,49,16.2,18.04285714285714,16739.0,70.61904761904762,6.169642857142857,48.0625,26.285714285714285
2019-12-08,2019,50,26.4,10.814285714285715,16739.0,75.66666666666667,6.4375,43.9375,25.75
2019-12-15,2019,51,28.0,15.671428571428573,16739.0,75.66666666666667,6.4375,43.9375,25.75
2019-12-22,2019,52,29.1,18.485714285714288,16739.0,75.66666666666667,6.4375,43.9375,25.75
2019-12-29,2020,1,28.7,17.1,16739.0,75.66666666666667,6.4375,43.9375,25.75
2020-01-05,2020,2,39.0,17.257142857142856,16739.0,81.61904761904762,4.919642857142857,36.482142857142854,22.446428571428573
2020-01-12,2020,3,34.8,17.9,16739.0,84.0,4.3125,33.5,21.125
2020-01-19,2020,4,15.5,16.271428571428572,16739.0,84.0,4.3125,33.5,21.125
2020-01-26,2020,5,20.5,17.857142857142858,16739.0,84.0,4.3125,33.5,21.125
2020-02-02,2020,6,29.1,11.071428571428571,16739.0,80.31746031746032,4.258928571428571,32.0,19.910714285714285
2020-02-09,2020,7,30.2,15.485714285714286,16739.0,71.11111111111111,4.125,28.25,16.875
2020-02-16,2020,8,26.6,17.385714285714286,16739.0,71.11111111111111,4.125,28.25,16.875
2020-02-23,2020,9,27.5,13.842857142857143,16739.0,71.11111111111111,4.125,28.25,16.875
2020-03-01,2020,10,24.1,19.414285714285715,16739.0,70.74603174603175,4.214285714285714,28.741071428571427,17.080357142857142
2020-03-08,2020,11,30.2,18.17142857142857,16739.0,68.55555555555556,4.75,31.6875,18.3125
2020-03-15,2020,12,20.5,18.842857142857145,16739.0,68.55555555555556,4.75,31.6875,18.3125
2020-03-22,2020,13,19.3,19.52857142857143,16739.0,68.55555555555556,4.75,31.6875,18.3125
2020-03-29,2020,14,12.1,21.37142857142857,16739.0,68.55555555555556,4.75,31.6875,18.3125
2020-04-05,2020,15,14.4,18.928571428571427,16739.0,68.47619047619047,4.973214285714286,30.75,18.089285714285715
2020-04-12,2020,16,9.1,17.8,16739.0,68.44444444444444,5.0625,30.375,18.0
2020-04-19,2020,17,20.6,19.442857142857143,16739.0,68.44444444444444,5.0625,30.375,18.0
2020-04-26,2020,18,16.2,20.75714285714286,16739.0,68.44444444444444,5.0625,30.375,18.0
2020-05-03,2020,19,15.8,21.857142857142858,16739.0,64.15873015873015,4.901785714285714,25.714285714285715,15.321428571428571
2020-05-10,2020,20,17.1,25.985714285714288,16739.0,58.44444444444444,4.6875,19.5,11.75
2020-05-17,2020,21,13.1,25.357142857142858,16739.0,58.44444444444444,4.6875,19.5,11.75
2020-05-24,2020,22,17.0,25.314285714285713,16739.0,58.44444444444444,4.6875,19.5,11.75
2020-05-31,2020,23,15.4,26.014285714285712,16739.0,58.44444444444444,4.6875,19.5,11.75
2020-06-07,2020,24,13.6,26.457142857142856,16739.0,44.22222222222222,3.8125,12.125,5.9375
2020-06-14,2020,25,17.3,26.74285714285714,16739.0,44.22222222222222,3.8125,12.125,5.9375
2020-06-21,2020,26,17.8,26.285714285714285,16739.0,44.22222222222222,3.8125,12.125,5.9375
2020-06-28,2020,27,18.2,26.97142857142857,16739.0,44.22222222222222,3.8125,12.125,5.9375
2020-07-05,2020,28,20.0,26.942857142857143,16739.0,39.71284271284271,4.184523809523809,11.678571428571429,5.783730158730159
2020-07-12,2020,29,19.6,26.87142857142857,16739.0,37.909090909090914,4.333333333333333,11.5,5.722222222222222
2020-07-19,2020,30,21.3,26.814285714285713,16739.0,37.909090909090914,4.333333333333333,11.5,5.722222222222222
2020-07-26,2020,31,16.4,26.942857142857143,16739.0,37.909090909090914,4.333333333333333,11.5,5.722222222222222
2020-08-02,2020,32,16.1,26.485714285714288,16739.0,40.064935064935064,4.317460317460317,13.03968253968254,6.976190476190475
2020-08-09,2020,33,15.3,26.485714285714288,16739.0,45.45454545454545,4.277777777777778,16.88888888888889,10.11111111111111
2020-08-16,2020,34,17.0,26.514285714285712,16739.0,45.45454545454545,4.277777777777778,16.88888888888889,10.11111111111111
2020-08-23,2020,35,22.7,26.157142857142855,16739.0,45.45454545454545,4.277777777777778,16.88888888888889,10.11111111111111
2020-08-30,2020,36,17.2,26.728571428571428,16739.0,45.45454545454545,4.277777777777778,16.88888888888889,10.11111111111111
2020-09-06,2020,37,14.5,26.74285714285714,16739.0,55.74025974025974,4.182539682539683,21.126984126984127,13.11111111111111
2020-09-13,2020,38,17.0,26.285714285714285,16739.0,57.45454545454545,4.166666666666667,21.833333333333332,13.61111111111111
2020-09-20,2020,39,14.7,26.542857142857144,16739.0,57.45454545454545,4.166666666666667,21.833333333333332,13.61111111111111
2020-09-27,2020,40,15.6,25.557142857142857,16739.0,57.45454545454545,4.166666666666667,21.833333333333332,13.61111111111111
2020-10-04,2020,41,9.7,24.914285714285715,16739.0,57.090909090909086,4.0396825396825395,29.960317460317462,16.69047619047619
2020-10-11,2020,42,14.1,22.414285714285715,16739.0,56.81818181818182,3.944444444444445,36.05555555555556,19.0
2020-10-18,2020,43,13.1,22.87142857142857,16739.0,56.81818181818182,3.944444444444445,36.05555555555556,19.0
2020-10-25,2020,44,17.2,19.542857142857144,16739.0,56.81818181818182,3.944444444444445,36.05555555555556,19.0
2020-11-01,2020,45,16.1,21.214285714285715,16739.0,57.23376623376623,4.071428571428571,36.6984126984127,19.309523809523807
2020-11-08,2020,46,29.4,20.057142857142857,16739.0,59.72727272727273,4.833333333333333,40.55555555555556,21.166666666666668
2020-11-15,2020,47,34.6,18.7,16739.0,59.72727272727273,4.833333333333333,40.55555555555556,21.166666666666668
2020-11-22,2020,48,22.3,22.442857142857143,16739.0,59.72727272727273,4.833333333333333,40.55555555555556,21.166666666666668
2020-11-29,2020,49,21.6,19.385714285714283,16739.0,59.72727272727273,4.833333333333333,40.55555555555556,21.166666666666668
2020-12-06,2020,50,20.5,14.5,16739.0,73.98701298701299,5.1190476190476195,43.841269841269835,25.166666666666664
2020-12-13,2020,51,22.0,17.757142857142856,16739.0,76.36363636363636,5.166666666666667,44.38888888888888,25.833333333333332
2020-12-20,2020,52,20.3,12.857142857142858,16739.0,76.36363636363636,5.166666666666667,44.38888888888888,25.833333333333332
2020-12-27,2021,1,19.8,15.742857142857144,16739.0,76.36363636363636,5.166666666666667,44.38888888888888,25.833333333333332
2021-01-03,2021,2,19.8,11.457142857142857,16739.0,75.1948051948052,5.238095238095238,46.579365079365076,26.309523809523807
2021-01-10,2021,3,19.0,10.585714285714285,32205.0,73.63636363636364,5.333333333333333,49.5,26.94444444444444
2021-01-17,2021,4,23.3,10.142857142857142,34194.0,73.63636363636364,5.333333333333333,49.5,26.94444444444444
2021-01-24,2021,5,13.2,15.157142857142858,28804.0,73.63636363636364,5.333333333333333,49.5,26.94444444444444
2021-01-31,2021,6,16.5,15.228571428571428,22047.0,73.63636363636364,5.333333333333333,49.5,26.94444444444444
2021-02-07,2021,7,11.4,16.9,21727.0,65.9090909090909,3.944444444444445,31.11111111111111,18.666666666666668
2021-02-14,2021,8,11.1,16.142857142857142,14675.0,65.9090909090909,3.944444444444445,31.11111111111111,18.666666666666668
2021-02-21,2021,9,6.2,16.414285714285715,36877.0,65.9090909090909,3.944444444444445,31.11111111111111,18.666666666666668
2021-02-28,2021,10,15.5,18.614285714285717,36521.0,65.9090909090909,3.944444444444445,31.11111111111111,18.666666666666668
2021-03-07,2021,11,5.6,18.557142857142857,32679.0,62.909090909090914,4.166666666666667,33.166666666666664,18.55555555555556
2021-03-14,2021,12,6.2,18.642857142857142,25726.0,62.909090909090914,4.166666666666667,33.166666666666664,18.55555555555556
2021-03-21,2021,13,14.3,21.057142857142857,22996.0,62.909090909090914,4.166666666666667,33.166666666666664,18.55555555555556
2021-03-28,2021,14,11.0,18.085714285714285,20627.0,62.909090909090914,4.166666666666667,33.166666666666664,18.55555555555556
2021-04-04,2021,15,8.5,23.614285714285717,21756.0,59.272727272727266,4.388888888888888,33.03968253968254,17.603174603174605
2021-04-11,2021,16,10.9,19.814285714285713,27875.0,56.54545454545455,4.555555555555555,32.94444444444444,16.88888888888889
2021-04-18,2021,17,8.6,21.542857142857144,25311.0,56.54545454545455,4.555555555555555,32.94444444444444,16.88888888888889
2021-04-25,2021,18,10.7,21.657142857142855,22962.0,56.54545454545455,4.555555555555555,32.94444444444444,16.88888888888889
2021-05-02,2021,19,14.4,22.400000000000002,24862.0,53.61038961038961,4.650793650793651,28.341269841269842,14.88888888888889
2021-05-09,2021,20,20.3,23.957142857142856,23207.0,46.27272727272727,4.88888888888889,16.833333333333332,9.88888888888889
2021-05-16,2021,21,10.8,26.24285714285714,26580.0,46.27272727272727,4.88888888888889,16.833333333333332,9.88888888888889
2021-05-23,2021,22,11.4,26.97142857142857,26371.0,46.27272727272727,4.88888888888889,16.833333333333332,9.88888888888889
2021-05-30,2021,23,11.3,27.085714285714285,26810.0,46.27272727272727,4.88888888888889,16.833333333333332,9.88888888888889
2021-06-06,2021,24,6.9,25.814285714285713,27869.0,49.07792207792208,4.650793650793651,18.785714285714285,10.365079365079366
2021-06-13,2021,25,8.6,26.357142857142858,26258.0,49.54545454545455,4.61111111111111,19.11111111111111,10.444444444444445
2021-06-20,2021,26,7.3,27.157142857142855,27233.0,49.54545454545455,4.61111111111111,19.11111111111111,10.444444444444445
2021-06-27,2021,27,11.1,26.0,28236.0,49.54545454545455,4.61111111111111,19.11111111111111,10.444444444444445
2021-07-04,2021,28,10.5,27.142857142857142,32705.0,49.33766233766234,4.674603174603175,17.587301587301585,10.0
2021-07-11,2021,29,10.8,27.014285714285712,36023.0,49.18181818181818,4.722222222222222,16.444444444444443,9.666666666666666
2021-07-18,2021,30,10.1,26.642857142857142,45494.0,49.18181818181818,4.722222222222222,16.444444444444443,9.666666666666666
2021-07-25,2021,31,6.4,26.385714285714283,39530.0,49.18181818181818,4.722222222222222,16.444444444444443,9.666666666666666
2021-08-01,2021,32,9.2,27.32857142857143,41526.0,50.220779220779214,4.722222222222222,16.29365079365079,9.65079365079365
2021-08-08,2021,33,6.7,26.7,47993.0,56.45454545454545,4.722222222222222,15.38888888888889,9.555555555555555
2021-08-15,2021,34,6.9,26.571428571428573,51261.0,56.45454545454545,4.722222222222222,15.38888888888889,9.555555555555555
2021-08-22,2021,35,10.5,26.314285714285713,57200.0,56.45454545454545,4.722222222222222,15.38888888888889,9.555555555555555
2021-08-29,2021,36,10.9,25.885714285714283,59737.0,56.45454545454545,4.722222222222222,15.38888888888889,9.555555555555555
2021-09-05,2021,37,14.4,26.585714285714285,55503.0,59.83116883116883,5.07936507936508,19.396825396825395,11.896825396825397
2021-09-12,2021,38,20.3,26.785714285714285,40903.0,61.18181818181818,5.222222222222222,21.0,12.833333333333334
2021-09-19,2021,39,25.2,26.82857142857143,42137.0,61.18181818181818,5.222222222222222,21.0,12.833333333333334
2021-09-26,2021,40,26.6,26.442857142857143,41487.0,61.18181818181818,5.222222222222222,21.0,12.833333333333334
2021-10-03,2021,41,18.9,26.485714285714288,42899.0,61.61038961038961,4.626984126984127,22.9047619047619,13.595238095238097
2021-10-10,2021,42,16.8,25.25714285714286,35938.0,62.18181818181818,3.8333333333333335,25.44444444444444,14.61111111111111
2021-10-17,2021,43,13.4,23.25714285714286,44374.0,62.18181818181818,3.8333333333333335,25.44444444444444,14.61111111111111
2021-10-24,2021,44,19.4,20.17142857142857,38170.0,62.18181818181818,3.8333333333333335,25.44444444444444,14.61111111111111
2021-10-31,2021,45,9.6,21.599999999999998,36535.0,62.18181818181818,3.8333333333333335,25.44444444444444,14.61111111111111
2021-11-07,2021,46,16.0,22.87142857142857,38084.0,60.27272727272727,4.88888888888889,34.888888888888886,19.55555555555556
2021-11-14,2021,47,19.2,15.299999999999999,39616.0,60.27272727272727,4.88888888888889,34.888888888888886,19.55555555555556
2021-11-21,2021,48,21.0,19.928571428571427,41440.0,60.27272727272727,4.88888888888889,34.888888888888886,19.55555555555556
2021-11-28,2021,49,23.2,16.271428571428572,43964.0,60.27272727272727,4.88888888888889,34.888888888888886,19.55555555555556
2021-12-05,2021,50,25.6,13.428571428571429,46789.0,66.8961038961039,5.007936507936508,38.579365079365076,23.047619047619044
2021-12-12,2021,51,27.1,16.985714285714288,43984.0,69.54545454545455,5.055555555555555,40.05555555555556,24.44444444444444
2021-12-19,2021,52,18.6,16.771428571428572,88372.0,69.54545454545455,5.055555555555555,40.05555555555556,24.44444444444444
2021-12-26,2022,1,25.9,16.214285714285715,50288.0,69.54545454545455,5.055555555555555,40.05555555555556,24.44444444444444
2022-01-02,2022,2,12.3,14.514285714285714,54721.0,72.1948051948052,4.849206349206349,38.72222222222222,24.333333333333332
2022-01-09,2022,3,13.3,16.514285714285712,36583.0,78.81818181818183,4.333333333333333,35.388888888888886,24.05555555555556
2022-01-16,2022,4,13.4,14.642857142857142,31239.0,78.81818181818183,4.333333333333333,35.388888888888886,24.05555555555556
2022-01-23,2022,5,8.0,15.757142857142856,28589.0,78.81818181818183,4.333333333333333,35.388888888888886,24.05555555555556
2022-01-30,2022,6,13.9,16.685714285714287,26486.0,78.81818181818183,4.333333333333333,35.388888888888886,24.05555555555556
2022-02-06,2022,7,15.0,12.614285714285714,22348.0,69.15584415584416,4.0,22.246031746031747,14.865079365079366
2022-02-13,2022,8,14.1,15.485714285714286,30051.0,67.54545454545455,3.944444444444445,20.05555555555556,13.333333333333334
2022-02-20,2022,9,20.8,13.257142857142856,32908.0,67.54545454545455,3.944444444444445,20.05555555555556,13.333333333333334
2022-02-27,2022,10,14.2,11.6,30019.0,67.54545454545455,3.944444444444445,20.05555555555556,13.333333333333334
2022-03-06,2022,11,17.3,17.785714285714285,30647.0,67.85714285714286,4.896825396825397,25.674603174603174,16.190476190476193
2022-03-13,2022,12,17.2,16.6,24356.0,67.9090909090909,5.055555555555555,26.61111111111111,16.666666666666668
2022-03-20,2022,13,12.7,21.214285714285715,22687.0,67.9090909090909,5.055555555555555,26.61111111111111,16.666666666666668
2022-03-27,2022,14,9.8,20.47142857142857,18865.0,67.9090909090909,5.055555555555555,26.61111111111111,16.666666666666668
2022-04-03,2022,15,12.7,16.67142857142857,24493.0,63.23376623376623,4.865079365079366,26.396825396825395,15.761904761904763
2022-04-10,2022,16,9.2,17.785714285714285,28456.0,57.0,4.61111111111111,26.11111111111111,14.555555555555555
2022-04-17,2022,17,7.8,20.942857142857143,29544.0,57.0,4.61111111111111,26.11111111111111,14.555555555555555
2022-04-24,2022,18,7.7,21.24285714285714,34758.0,57.0,4.61111111111111,26.11111111111111,14.555555555555555
2022-05-01,2022,19,8.4,24.185714285714287,41620.0,57.272727272727266,4.531746031746032,25.0,14.023809523809524
2022-05-08,2022,20,8.1,20.271428571428572,43591.0,58.909090909090914,4.055555555555555,18.333333333333332,10.833333333333334
2022-05-15,2022,21,5.6,23.685714285714287,44551.0,58.909090909090914,4.055555555555555,18.333333333333332,10.833333333333334
2022-05-22,2022,22,7.5,20.957142857142856,46264.0,58.909090909090914,4.055555555555555,18.333333333333332,10.833333333333334
2022-05-29,2022,23,6.8,24.900000000000002,49428.0,58.909090909090914,4.055555555555555,18.333333333333332,10.833333333333334
2022-06-05,2022,24,11.4,26.25714285714286,55954.0,50.2077922077922,4.611111111111112,14.801587301587302,8.055555555555555
2022-06-12,2022,25,16.5,25.571428571428573,60919.0,46.72727272727273,4.833333333333333,13.38888888888889,6.944444444444445
2022-06-19,2022,26,23.7,25.928571428571427,65283.0,46.72727272727273,4.833333333333333,13.38888888888889,6.944444444444445
2022-06-26,2022,27,18.0,26.25714285714286,70132.0,46.72727272727273,4.833333333333333,13.38888888888889,6.944444444444445
2022-07-03,2022,28,9.7,26.17142857142857,79127.0,48.98701298701298,5.142857142857143,14.746031746031747,8.015873015873016
2022-07-10,2022,29,10.6,26.785714285714285,77406.0,52.0,5.555555555555555,16.555555555555557,9.444444444444445
2022-07-17,2022,30,9.6,26.957142857142856,80702.0,52.0,5.555555555555555,16.555555555555557,9.444444444444445
2022-07-24,2022,31,10.3,27.32857142857143,83531.0,52.0,5.555555555555555,16.555555555555557,9.444444444444445
2022-07-31,2022,32,7.2,27.228571428571428,86322.0,52.0,5.555555555555555,16.555555555555557,9.444444444444445
2022-08-07,2022,33,9.4,26.214285714285715,94574.0,56.090909090909086,5.38888888888889,15.444444444444445,8.722222222222221
2022-08-14,2022,34,10.3,25.857142857142858,103140.0,56.090909090909086,5.38888888888889,15.444444444444445,8.722222222222221
2022-08-21,2022,35,11.4,26.5,116451.0,56.090909090909086,5.38888888888889,15.444444444444445,8.722222222222221
2022-08-28,2022,36,15.0,26.82857142857143,124870.0,56.090909090909086,5.38888888888889,15.444444444444445,8.722222222222221
2022-09-04,2022,37,20.1,25.47142857142857,123464.0,63.51948051948052,5.071428571428571,27.793650793650794,16.976190476190478
2022-09-11,2022,38,13.7,24.928571428571427,100739.0,69.0909090909091,4.833333333333333,37.05555555555556,23.166666666666668
2022-09-18,2022,39,16.1,25.071428571428573,102427.0,69.0909090909091,4.833333333333333,37.05555555555556,23.166666666666668
2022-09-25,2022,40,24.6,25.02857142857143,97784.0,69.0909090909091,4.833333333333333,37.05555555555556,23.166666666666668
2022-10-02,2022,41,19.4,25.5,115557.0,64.02597402597402,4.753968253968254,35.261904761904766,21.039682539682538
2022-10-09,2022,42,11.9,25.0,121717.0,51.36363636363637,4.555555555555555,30.77777777777778,15.72222222222222
2022-10-16,2022,43,18.2,19.67142857142857,137459.0,51.36363636363637,4.555555555555555,30.77777777777778,15.72222222222222
2022-10-23,2022,44,15.8,19.82857142857143,153896.0,51.36363636363637,4.555555555555555,30.77777777777778,15.72222222222222
2022-10-30,2022,45,17.7,20.37142857142857,166823.0,51.36363636363637,4.555555555555555,30.77777777777778,15.72222222222222
2022-11-06,2022,46,13.8,19.342857142857145,185515.0,51.98701298701299,3.9365079365079367,22.73015873015873,13.912698412698413
2022-11-13,2022,47,19.8,21.442857142857143,203741.0,52.090909090909086,3.8333333333333335,21.38888888888889,13.61111111111111
2022-11-20,2022,48,20.1,21.857142857142858,214483.0,52.090909090909086,3.8333333333333335,21.38888888888889,13.61111111111111
2022-11-27,2022,49,13.3,21.599999999999998,224321.0,52.090909090909086,3.8333333333333335,21.38888888888889,13.61111111111111
2022-12-04,2022,50,29.1,18.599999999999998,248467.0,56.142857142857146,4.341269841269841,26.944444444444446,16.88095238095238
2022-12-11,2022,51,30.4,14.714285714285714,281930.0,59.18181818181818,4.722222222222222,31.11111111111111,19.333333333333332
2022-12-18,2022,52,38.7,11.5,332977.0,59.18181818181818,4.722222222222222,31.11111111111111,19.333333333333332
2022-12-25,2022,53,9.9,11.328571428571427,351266.0,59.18181818181818,4.722222222222222,31.11111111111111,19.333333333333332
2023-01-01,2023,1,18.0,12.928571428571429,365110.0,59.97402597402597,4.690476190476191,31.484126984126984,19.634920634920633
2023-01-08,2023,2,24.4,14.828571428571427,449148.0,64.72727272727273,4.5,33.72222222222222,21.44444444444444
2023-01-15,2023,3,15.4,18.157142857142855,747773.0,64.72727272727273,4.5,33.72222222222222,21.44444444444444
2023-01-22,2023,4,16.9,12.585714285714285,1099574.0,64.72727272727273,4.5,33.72222222222222,21.44444444444444
2023-01-29,2023,5,26.7,10.171428571428573,1564208.0,64.72727272727273,4.5,33.72222222222222,21.44444444444444
2023-02-05,2023,6,32.4,14.885714285714286,1229565.0,56.8051948051948,4.142857142857143,32.13492063492064,19.539682539682538
2023-02-12,2023,7,30.6,18.32857142857143,2438681.0,53.63636363636363,4.0,31.5,18.77777777777778
2023-02-19,2023,8,25.7,16.014285714285712,2876784.0,53.63636363636363,4.0,31.5,18.77777777777778
2023-02-26,2023,9,20.9,14.085714285714287,3131280.0,53.63636363636363,4.0,31.5,18.77777777777778
2023-03-05,2023,10,31.1,14.828571428571427,3338504.0,53.5064935064935,4.0396825396825395,33.44444444444444,19.492063492063494
2023-03-12,2023,11,30.7,17.599999999999998,3443659.0,53.45454545454545,4.055555555555555,34.22222222222222,19.77777777777778
2023-03-19,2023,12,28.5,18.385714285714283,3551511.0,53.45454545454545,4.055555555555555,34.22222222222222,19.77777777777778
2023-03-26,2023,13,42.0,21.785714285714285,3527612.0,53.45454545454545,4.055555555555555,34.22222222222222,19.77777777777778
2023-04-02,2023,14,31.0,18.7,3680017.0,53.84415584415584,3.8650793650793647,33.095238095238095,19.07936507936508
2023-04-09,2023,15,48.5,20.428571428571427,4584324.0,54.81818181818182,3.388888888888889,30.27777777777778,17.333333333333332
2023-04-16,2023,16,45.0,21.571428571428573,4433391.0,54.81818181818182,3.388888888888889,30.27777777777778,17.333333333333332
2023-04-23,2023,17,49.3,23.014285714285712,3786923.0,54.81818181818182,3.388888888888889,30.27777777777778,17.333333333333332
2023-04-30,2023,18,56.8,21.271428571428572,4168333.0,54.81818181818182,3.388888888888889,30.27777777777778,17.333333333333332
2023-05-07,2023,19,45.5,23.714285714285715,3877412.0,48.090909090909086,3.6666666666666665,27.166666666666668,16.055555555555557
2023-05-14,2023,20,41.6,21.114285714285717,3910478.0,48.090909090909086,3.6666666666666665,27.166666666666668,16.055555555555557
2023-05-21,2023,21,35.7,25.485714285714288,3909616.0,48.090909090909086,3.6666666666666665,27.166666666666668,16.055555555555557
2023-05-28,2023,22,45.8,25.314285714285713,4316994.0,48.090909090909086,3.6666666666666665,27.166666666666668,16.055555555555557
2023-06-04,2023,23,27.7,26.957142857142856,3607763.0,46.22077922077922,3.6666666666666665,19.357142857142858,11.54761904761905
2023-06-11,2023,24,35.9,26.785714285714285,3886191.0,44.81818181818182,3.6666666666666665,13.5,8.166666666666666
2023-06-18,2023,25,39.2,26.25714285714286,3870967.0,44.81818181818182,3.6666666666666665,13.5,8.166666666666666
2023-06-25,2023,26,32.3,27.085714285714285,4523952.0,44.81818181818182,3.6666666666666665,13.5,8.166666666666666
2023-07-02,2023,27,33.4,26.900000000000002,4513810.0,44.090909090909086,3.8253968253968256,13.738095238095239,8.214285714285714
2023-07-09,2023,28,24.7,26.957142857142856,4415682.0,42.27272727272727,4.222222222222222,14.333333333333334,8.333333333333334
2023-07-16,2023,29,33.9,26.885714285714283,4591110.0,42.27272727272727,4.222222222222222,14.333333333333334,8.333333333333334
2023-07-23,2023,30,29.2,26.97142857142857,4656937.0,42.27272727272727,4.222222222222222,14.333333333333334,8.333333333333334
2023-07-30,2023,31,10.4,27.357142857142858,4715993.0,42.27272727272727,4.222222222222222,14.333333333333334,8.333333333333334
2023-08-06,2023,32,14.0,26.885714285714283,5141354.0,46.246753246753244,4.1269841269841265,15.761904761904763,9.523809523809522
2023-08-13,2023,33,32.8,26.457142857142856,5301934.0,46.909090909090914,4.111111111111111,16.0,9.72222222222222
2023-08-20,2023,34,56.5,27.142857142857142,5357451.0,46.909090909090914,4.111111111111111,16.0,9.72222222222222
2023-08-27,2023,35,42.1,27.114285714285717,5262289.0,46.909090909090914,4.111111111111111,16.0,9.72222222222222
2023-09-03,2023,36,47.7,25.657142857142855,3457273.0,47.142857142857146,4.0396825396825395,15.738095238095239,9.746031746031747
2023-09-10,2023,37,52.6,25.442857142857143,3685214.0,47.45454545454545,3.944444444444445,15.38888888888889,9.77777777777778
2023-09-17,2023,38,88.4,25.914285714285715,4262340.0,47.45454545454545,3.944444444444445,15.38888888888889,9.77777777777778
2023-09-24,2023,39,57.1,26.47142857142857,4610553.0,47.45454545454545,3.944444444444445,15.38888888888889,9.77777777777778
2023-10-01,2023,40,42.5,26.442857142857143,4929257.0,48.48051948051948,3.904761904761905,16.841269841269842,10.690476190476192
2023-10-08,2023,41,40.1,24.414285714285715,4636077.0,54.63636363636363,3.6666666666666665,25.55555555555556,16.166666666666668
2023-10-15,2023,42,39.7,22.714285714285715,4499900.0,54.63636363636363,3.6666666666666665,25.55555555555556,16.166666666666668
2023-10-22,2023,43,40.2,22.142857142857142,4994624.0,54.63636363636363,3.6666666666666665,25.55555555555556,16.166666666666668
2023-10-29,2023,44,35.5,23.542857142857144,5161935.0,54.63636363636363,3.6666666666666665,25.55555555555556,16.166666666666668
2023-11-05,2023,45,40.9,22.771428571428572,4829652.0,52.62337662337662,3.944444444444444,31.706349206349206,17.674603174603174
2023-11-12,2023,46,45.6,22.785714285714285,4941990.0,51.81818181818182,4.055555555555555,34.166666666666664,18.27777777777778
2023-11-19,2023,47,37.0,16.085714285714285,5136829.0,51.81818181818182,4.055555555555555,34.166666666666664,18.27777777777778
2023-11-26,2023,48,39.1,18.557142857142857,5208688.0,51.81818181818182,4.055555555555555,34.166666666666664,18.27777777777778
2023-12-03,2023,49,34.4,18.585714285714285,5077364.0,57.506493506493506,4.341269841269841,34.738095238095234,19.84920634920635
2023-12-10,2023,50,44.4,18.52857142857143,5152895.0,65.0909090909091,4.722222222222222,35.5,21.94444444444444
2023-12-17,2023,51,14.6,19.17142857142857,5262434.0,65.0909090909091,4.722222222222222,35.5,21.94444444444444
2023-12-24,2023,52,35.3,10.142857142857142,5629420.0,65.0909090909091,4.722222222222222,35.5,21.94444444444444
2023-12-31,2024,1,48.3,15.428571428571429,6312684.0,65.0909090909091,4.722222222222222,35.5,21.94444444444444
2024-01-07,2024,2,61.7,16.02857142857143,5137754.0,64.54545454545455,3.388888888888889,38.61111111111112,25.05555555555556
2024-01-14,2024,3,55.8,16.071428571428573,5123490.0,64.54545454545455,3.388888888888889,38.61111111111112,25.05555555555556
2024-01-21,2024,4,33.8,17.2,5425389.0,64.54545454545455,3.388888888888889,38.61111111111112,25.05555555555556
2024-01-28,2024,5,44.4,9.828571428571427,5345680.0,64.54545454545455,3.388888888888889,38.61111111111112,25.05555555555556
2024-02-04,2024,6,37.8,18.17142857142857,5423043.0,61.42857142857143,3.1031746031746033,31.5,20.29365079365079
2024-02-11,2024,7,54.3,14.214285714285714,5319738.0,59.090909090909086,2.888888888888889,26.166666666666668,16.72222222222222
2024-02-18,2024,8,49.2,17.428571428571427,6961391.0,59.090909090909086,2.888888888888889,26.166666666666668,16.72222222222222
2024-02-25,2024,9,37.2,19.585714285714285,4992759.0,59.090909090909086,2.888888888888889,26.166666666666668,16.72222222222222
2024-03-03,2024,10,59.9,14.185714285714285,4847417.0,58.857142857142854,2.7936507936507935,30.261904761904763,17.865079365079364
2024-03-10,2024,11,55.5,17.4,4996107.0,58.54545454545455,2.6666666666666665,35.72222222222222,19.38888888888889
2024-03-17,2024,12,55.2,17.485714285714288,5221088.0,58.54545454545455,2.6666666666666665,35.72222222222222,19.38888888888889
2024-03-24,2024,13,44.9,19.5,5384776.0,58.54545454545455,2.6666666666666665,35.72222222222222,19.38888888888889
2024-03-31,2024,14,49.7,23.014285714285712,6520721.0,58.54545454545455,2.6666666666666665,35.72222222222222,19.38888888888889
2024-04-07,2024,15,57.0,24.24285714285714,6190179.0,46.18181818181818,2.944444444444445,22.05555555555556,14.61111111111111
2024-04-14,2024,16,38.2,22.37142857142857,5574892.0,46.18181818181818,2.944444444444445,22.05555555555556,14.61111111111111
2024-04-21,2024,17,47.2,24.557142857142857,5277368.0,46.18181818181818,2.944444444444445,22.05555555555556,14.61111111111111
2024-04-28,2024,18,61.2,24.885714285714283,4907103.0,46.18181818181818,2.944444444444445,22.05555555555556,14.61111111111111
2024-05-05,2024,19,77.1,23.885714285714283,5654952.0,46.83116883116883,2.7063492063492065,21.976190476190474,13.301587301587302
2024-05-12,2024,20,63.3,23.75714285714286,5182289.0,47.090909090909086,2.611111111111111,21.94444444444444,12.77777777777778
2024-05-19,2024,21,44.8,22.0,5722738.0,47.090909090909086,2.611111111111111,21.94444444444444,12.77777777777778
2024-05-26,2024,22,51.5,24.728571428571428,5016514.0,47.090909090909086,2.611111111111111,21.94444444444444,12.77777777777778
2024-06-02,2024,23,46.6,25.057142857142857,4855485.0,44.57142857142857,2.611111111111111,19.76984126984127,11.539682539682541
2024-06-09,2024,24,42.4,24.3,5444221.0,38.27272727272727,2.611111111111111,14.333333333333334,8.444444444444445
2024-06-16,2024,25,44.3,26.957142857142856,5506059.0,38.27272727272727,2.611111111111111,14.333333333333334,8.444444444444445
2024-06-23,2024,26,48.4,27.357142857142858,5441880.0,38.27272727272727,2.611111111111111,14.333333333333334,8.444444444444445
2024-06-30,2024,27,45.9,27.342857142857145,5780737.0,38.27272727272727,2.611111111111111,14.333333333333334,8.444444444444445
2024-07-07,2024,28,41.6,27.428571428571427,5783937.0,38.090909090909086,2.611111111111111,11.88888888888889,6.333333333333333
2024-07-14,2024,29,38.6,27.185714285714287,5748746.0,38.090909090909086,2.611111111111111,11.88888888888889,6.333333333333333
2024-07-21,2024,30,44.0,27.442857142857143,5952997.0,38.090909090909086,2.611111111111111,11.88888888888889,6.333333333333333
2024-07-28,2024,31,37.3,27.357142857142858,5863226.0,38.090909090909086,2.611111111111111,11.88888888888889,6.333333333333333
2024-08-04,2024,32,34.3,26.75714285714286,6147326.0,41.57142857142857,2.96031746031746,15.285714285714286,9.222222222222223
2024-08-11,2024,33,29.5,27.614285714285717,6333575.0,44.18181818181818,3.2222222222222223,17.833333333333332,11.38888888888889
2024-08-18,2024,34,35.2,26.5,6075767.0,44.18181818181818,3.2222222222222223,17.833333333333332,11.38888888888889
2024-08-25,2024,35,37.5,26.400000000000002,6425572.0,44.18181818181818,3.2222222222222223,17.833333333333332,11.38888888888889
2024-09-01,2024,36,33.8,27.17142857142857,6072742.0,44.81818181818181,3.246031746031746,18.071428571428573,11.5
2024-09-08,2024,37,35.9,26.785714285714285,4647718.0,48.63636363636363,3.388888888888889,19.5,12.166666666666666
2024-09-15,2024,38,49.9,26.214285714285715,5481376.0,48.63636363636363,3.388888888888889,19.5,12.166666666666666
2024-09-22,2024,39,35.3,26.314285714285713,5673665.0,48.63636363636363,3.388888888888889,19.5,12.166666666666666
2024-09-29,2024,40,31.6,25.885714285714283,5455359.0,48.63636363636363,3.388888888888889,19.5,12.166666666666666
2024-10-06,2024,41,22.6,22.657142857142855,6496298.0,51.51948051948052,3.484126984126984,26.023809523809522,16.357142857142858
2024-10-13,2024,42,29.6,23.014285714285712,6266369.0,52.0,3.5,27.11111111111111,17.055555555555557
2024-10-20,2024,43,33.5,24.87142857142857,5865889.0,52.0,3.5,27.11111111111111,17.055555555555557
2024-10-27,2024,44,32.9,21.228571428571428,5788280.0,52.0,3.5,27.11111111111111,17.055555555555557
2024-11-03,2024,45,26.8,21.185714285714287,5827321.0,53.44155844155845,3.333333333333333,26.634920634920636,16.746031746031747
2024-11-10,2024,46,33.9,20.485714285714288,5840884.0,55.36363636363637,3.111111111111111,26.0,16.333333333333332
2024-11-17,2024,47,32.4,23.02857142857143,5742146.0,55.36363636363637,3.111111111111111,26.0,16.333333333333332
2024-11-24,2024,48,34.5,18.185714285714287,5831207.0,55.36363636363637,3.111111111111111,26.0,16.333333333333332
2024-12-01,2024,49,38.5,14.642857142857142,6094800.0,57.32467532467533,3.2777777777777777,28.634920634920636,18.325396825396826
2024-12-08,2024,50,36.2,17.642857142857142,6041022.0,57.32467532467533,3.2777777777777777,28.634920634920636,18.325396825396826
2024-12-15,2024,51,39.0,14.442857142857141,6162019.0,57.32467532467533,3.2777777777777777,28.634920634920636,18.325396825396826
2024-12-22,2024,52,34.4,10.985714285714286,6444679.0,57.32467532467533,3.2777777777777777,28.634920634920636,18.325396825396826
2024-12-29,2025,1,33.4,13.757142857142856,7376826.0,57.32467532467533,3.2777777777777777,28.634920634920636,18.325396825396826
2025-01-05,2025,2,47.0,14.314285714285715,6321706.0,57.32467532467533,3.2777777777777777,28.634920634920636,18.325396825396826
2025-01-12,2025,3,43.8,11.742857142857144,6054898.0,57.32467532467533,3.2777777777777777,28.634920634920636,18.325396825396826
2025-01-19,2025,4,46.7,12.185714285714285,6457865.0,57.32467532467533,3.2777777777777777,28.634920634920636,18.325396825396826
2025-01-26,2025,5,34.7,14.585714285714285,6498681.0,57.32467532467533,3.2777777777777777,28.634920634920636,18.325396825396826
2025-02-02,2025,6,38.6,12.9,6915055.0,57.32467532467533,3.2777777777777777,28.634920634920636,18.325396825396826
2025-02-09,2025,7,47.6,11.299999999999999,6253578.0,57.32467532467533,3.2777777777777777,28.634920634920636,18.325396825396826
2025-02-16,2025,8,40.3,15.971428571428572,5813217.0,57.32467532467533,3.2777777777777777,28.634920634920636,18.325396825396826
2025-02-23,2025,9,37.9,14.971428571428572,5957904.0,57.32467532467533,3.2777777777777777,28.634920634920636,18.325396825396826
2025-03-02,2025,10,44.3,16.857142857142858,5887774.0,57.32467532467533,3.2777777777777777,28.634920634920636,18.325396825396826
2025-03-09,2025,11,47.3,16.585714285714285,5767421.0,57.32467532467533,3.2777777777777777,28.634920634920636,18.325396825396826
2025-03-16,2025,12,38.0,18.900000000000002,6042875.0,57.32467532467533,3.2777777777777777,28.634920634920636,18.325396825396826
2025-03-23,2025,13,45.8,14.414285714285715,6211838.0,57.32467532467533,3.2777777777777777,28.634920634920636,18.325396825396826
2025-03-30,2025,14,27.9,18.5,6129274.0,57.32467532467533,3.2777777777777777,28.634920634920636,18.325396825396826
2025-04-06,2025,15,40.9,15.314285714285715,6604587.0,57.32467532467533,3.2777777777777777,28.634920634920636,18.325396825396826
2025-04-13,2025,16,41.0,19.957142857142856,6065161.0,57.32467532467533,3.2777777777777777,28.634920634920636,18.325396825396826
2025-04-20,2025,17,42.1,21.37142857142857,7458985.0,57.32467532467533,3.2777777777777777,28.634920634920636,18.325396825396826
2025-04-27,2025,18,55.1,23.357142857142858,6700288.0,57.32467532467533,3.2777777777777777,28.634920634920636,18.325396825396826
2025-05-04,2025,19,44.0,22.03333333333333,7111830.0,57.32467532467533,3.2777777777777777,28.634920634920636,18.325396825396826
